{
    "metrics": {
        "data_sent": {
            "count": 25200,
            "rate": 829.3235621378133
        },
        "iterations": {
            "count": 300,
            "rate": 9.872899549259682
        },
        "http_req_duration": {
            "avg": 3.570411666666668,
            "min": 0.5081,
            "med": 3.4632,
            "max": 7.343,
            "p(90)": 5.952230000000002,
            "p(95)": 6.593575
        },
        "data_received": {
            "count": 69000,
            "rate": 2270.766896329727
        },
        "http_req_sending": {
            "med": 0,
            "max": 1.6188,
            "p(90)": 0,
            "p(95)": 0,
            "avg": 0.02381766666666667,
            "min": 0
        },
        "iteration_duration": {
            "p(90)": 1015.3153,
            "p(95)": 1017.1294,
            "avg": 1012.8292836666662,
            "min": 1001.0131,
            "med": 1013.15535,
            "max": 1021.703
        },
        "http_req_failed": {
            "passes": 0,
            "fails": 300,
            "value": 0
        },
        "http_req_receiving": {
            "p(95)": 0.5092,
            "avg": 0.057235666666666664,
            "min": 0,
            "med": 0,
            "max": 1.1117,
            "p(90)": 0.13544
        },
        "http_req_blocked": {
            "med": 0,
            "max": 9.0247,
            "p(90)": 0,
            "p(95)": 0,
            "avg": 0.30044099999999996,
            "min": 0
        },
        "http_req_duration{expected_response:true}": {
            "med": 3.4632,
            "max": 7.343,
            "p(90)": 5.952230000000002,
            "p(95)": 6.593575,
            "avg": 3.570411666666668,
            "min": 0.5081
        },
        "vus": {
            "value": 10,
            "min": 10,
            "max": 10
        },
        "http_req_waiting": {
            "avg": 3.4893583333333344,
            "min": 0.5078,
            "med": 3.42555,
            "max": 7.343,
            "p(90)": 5.92436,
            "p(95)": 6.567970000000001
        },
        "http_req_tls_handshaking": {
            "avg": 0,
            "min": 0,
            "med": 0,
            "max": 0,
            "p(90)": 0,
            "p(95)": 0
        },
        "vus_max": {
            "value": 10,
            "min": 10,
            "max": 10
        },
        "http_reqs": {
            "count": 300,
            "rate": 9.872899549259682
        },
        "http_req_connecting": {
            "avg": 0.020903333333333336,
            "min": 0,
            "med": 0,
            "max": 0.6271,
            "p(90)": 0,
            "p(95)": 0
        }
    },
    "root_group": {
        "name": "",
        "path": "",
        "id": "d41d8cd98f00b204e9800998ecf8427e",
        "groups": {},
        "checks": {}
    }
}